195	trickest
195	est
195	trick
195	te
51	staging
43	dev
25	www
25	hive
14	bot
14	beta
14	api
13	test
13	rancher
11	touch
11	contact
9	trail
8	2
8	db94dda2baa2
8	baa
8	db
8	dda
8	94
8	d9d2b2
8	hive-api
8	ha
8	solutions
7	gaa
7	grafana
7	graf
7	an
7	a
7	vpn
6	g
6	vault
5	kiba
5	na
5	kibana
5	kn
4	docs
4	blog
3	gitlab
3	gil
3	it
3	lab
3	elastic
3	gatekeeper
3	rancher-staging
3	rs
3	bea
3	beeling-api
3	be
3	eling
3	beeling
3	staging-api
3	sa
3	rabbit
3	q
3	rabbitmq
3	m
3	rmq
3	g-test
3	gt
3	beekeeper
2	editor
2	eu-west
2	eu
2	ew
2	west
2	pn
2	ned
2	pw
2	pwned
2	us
2	at
2	cate
2	careers-at-trickest
2	careers
1	contact-us
1	cu
1	reports
1	community
1	privacy
1	pp
1	privacy-policy
1	policy
1	tec
1	trickest-cli
1	cli
1	terms-of-use
1	tou
1	terms
1	use
1	of
1	news
1	about-us
1	about
1	au
1	tb
1	twitter-bot
1	twitter
1	company
